run_name,lpips_mean,lpips_std,lpips_min,lpips_max,dreamsim_mean,dreamsim_std,dreamsim_min,dreamsim_max,psnr_mean,psnr_std,psnr_min,psnr_max,identical_pairs,unet_total_ms,unet_step_median_ms,vae_decode_ms,other_ms,total_ms,speedup
base,0.0,0.0,0.0,0.0,0.0,0.0,0.0,0.0,,,,,50,7651.3,152.6,352.2,70.4,8080.9,1.0
base_vae_bf16,0.0035,0.0014,0.0006,0.0079,0.0001,0.0,0.0,0.0002,43.8272,1.5495,40.5835,46.6532,0,7718.6,154.1,200.6,63.3,7989.5,1.01
torch_compile_vae_bf16,0.0081,0.0062,0.0025,0.0331,0.0005,0.001,0.0,0.0065,40.1069,3.2038,32.0134,45.7883,0,7087.4,141.3,125.6,66.7,7286.7,1.11
nvfp4_torch_compile_vae_bf16,0.2315,0.1175,0.1002,0.5919,0.0698,0.0801,0.0118,0.3691,22.0641,3.3448,15.2736,28.8521,0,5012.7,100.2,132.5,65.3,5217.4,1.55
deepcache_torch_compile,0.1512,0.0944,0.0605,0.5875,0.0342,0.0446,0.0042,0.291,25.1242,3.9009,16.0843,33.0118,0,3866.4,149.2,353.0,73.2,4299.4,1.88
deepcache_interval3_torch_compile,0.2414,0.1035,0.1056,0.5944,0.0668,0.0553,0.01,0.2863,22.0281,3.3649,15.1002,29.0895,0,2687.3,4.2,352.4,68.3,3114.7,2.59
deepcache_interval3_torch_compile_nvfp4,0.3038,0.1108,0.1272,0.6068,0.0984,0.0788,0.0235,0.3742,20.6499,3.0708,14.0663,28.5348,0,1911.9,4.3,352.7,69.4,2340.9,3.45
optimal_steps_10,0.3206,0.0868,0.1934,0.6078,0.0712,0.0465,0.0299,0.3181,22.5174,2.5387,16.2174,29.1434,0,1555.7,154.1,352.4,67.0,1982.2,4.08
optimal_steps_20,0.1424,0.0471,0.0671,0.2475,0.0221,0.0163,0.0058,0.0979,26.5018,2.7056,21.1199,33.486,0,3097.8,154.3,352.6,63.5,3520.7,2.29
optimal_steps_10_nvfp4_torch_compile_vae,0.3848,0.0871,0.2342,0.6182,0.1171,0.0786,0.0467,0.3854,20.6503,2.5155,15.7746,25.6166,0,1014.8,101.4,295.7,62.4,1380.0,5.85
optimal_steps_15_nvfp4_torch_compile_vae,0.3169,0.0963,0.1861,0.6122,0.0944,0.0805,0.0313,0.3829,21.2639,2.7596,15.4155,26.5616,0,1503.7,100.1,294.8,60.7,1866.2,4.33
optimal_steps_20_nvfp4_torch_compile_vae,0.2796,0.1016,0.151,0.5971,0.0827,0.0767,0.0212,0.3764,21.5791,3.0947,15.3143,27.9936,0,2005.7,100.2,294.7,65.6,2373.0,3.4
optimal_steps_20_nvfp4_torch_compile_vae_bf16_no_watermark,0.2849,0.1019,0.1605,0.6123,0.0825,0.0767,0.0199,0.3767,21.6103,3.1169,15.3196,28.0591,0,2004.0,100.1,132.4,14.4,2157.6,3.74
